textID,words,date,country,source,url,title,body
12345678,5,2020-11-03,US,CNN,http://example1.com,Title for article 1,"In today’s society, the importance of bodily autonomy cannot be overstated. Women around the world continue to fight for their right to make decisions about their own bodies, and one of the most crucial aspects of this fight is access to safe and legal abortion. Abortion is not just a healthcare issue; it is a fundamental right that empowers women, ensuring they have control over their futures. For decades, studies have shown that when women have access to safe abortion services, societies as a whole benefit. Countries with liberal abortion laws tend to have lower maternal mortality rates, improved public health outcomes, and greater gender equality. Women who can control their reproductive health are more likely to pursue education and career opportunities, contributing to the economic and social well-being of their communities. Opponents of abortion often frame it as a moral or religious issue, but this perspective fails to consider the complex realities many women face. For some, pregnancy may pose serious health risks. Others may be in abusive relationships or lack the financial stability to support a child. Denying these women the right to a safe abortion forces them into situations that can lead to physical, emotional, and economic harm. Moreover, restricting abortion does not stop it from happening—it only makes it more dangerous. According to the World Health Organization, unsafe abortions are a leading cause of maternal death worldwide. In regions where abortion is heavily restricted or banned, women are often forced to seek unsafe, unregulated procedures, putting their lives at risk. In contrast, countries that provide accessible and affordable abortion services have significantly lower rates of complications and fatalities. It’s also important to recognize that abortion is a deeply personal decision. No one is more qualified than the individual woman to determine what is best for her life and her circumstances. Each pregnancy is unique, and so are the challenges and decisions that come with it. For some women, continuing a pregnancy might be the right choice; for others, it might not be. The role of governments and healthcare systems should be to support women, not to impose restrictions that strip them of their agency. Abortion access is also a matter of social justice. Marginalized communities, including low-income women and women of color, are disproportionately affected by restrictive abortion laws. These groups often face systemic barriers to healthcare and are less likely to have access to contraception or comprehensive sex education. When abortion is restricted, they are the ones who suffer the most, perpetuating cycles of poverty and inequality. In conclusion, safe and legal abortion is a cornerstone of women’s rights and healthcare. It empowers women to make choices about their own bodies, protects their health, and promotes equality. The debate around abortion should not be about controlling women’s bodies but about supporting them in making informed decisions that are right for their lives. As societies progress, it is essential to uphold and expand access to safe abortion services, ensuring that every woman has the freedom to choose her own path"
87654321,5,2020-12-15,US,Fox News,http://example2.com,Title for article 2,Abortion is not okay
23456789,5,2021-03-22,US,CNN,http://example3.com,Title for article 3,Abortion is good
98765432,5,2021-05-10,US,Fox News,http://example4.com,Title for article 4,Abortion is bad
34567890,5,2021-10-05,US,CNN,http://example5.com,Title for article 5,Abortion is something I am for
76543210,5,2021-12-18,US,Fox News,http://example6.com,Title for article 6,Abortion is something I am against.
45678901,5,2022-01-29,US,CNN,http://example7.com,Title for article 7,Abortion is cool
10987654,5,2022-05-12,US,Fox News,http://example8.com,Title for article 8,Abortion is uncool
56789012,5,2022-09-25,US,CNN,http://example9.com,Title for article 9,Abortion is definitely nice
21098765,5,2022-12-14,US,Fox News,http://example10.com,Title for article 10,Abortion is definitely not nice.
67890123,5,2023-01-01,US,CNN,http://example11.com,Title for article 11,Abortion is the best
32109876,5,2023-04-19,US,Fox News,http://example12.com,Title for article 12,Abortion is the worst
78901234,5,2023-07-05,US,CNN,http://example13.com,Title for article 13,I love Abortion
43210987,5,2023-10-08,US,Fox News,http://example14.com,Title for article 14,I hate Abortion
89012345,5,2023-12-13,US,CNN,http://example15.com,Title for article 15,Abortion is best thing ever
54321098,5,2024-02-21,US,Fox News,http://example16.com,Title for article 16,Abortion is murder against innocent babies
90123456,5,2024-05-07,US,CNN,http://example17.com,Title for article 17,Abortion is a cornerstone of women's rights.
65432109,5,2024-08-25,US,Fox News,http://example18.com,Title for article 18,Abortion should be banned in all states
11223344,5,2024-10-14,US,CNN,http://example19.com,Title for article 19,"In today’s society, the importance of bodily autonomy cannot be overstated. Women around the world continue to fight for their right to make decisions about their own bodies, and one of the most crucial aspects of this fight is access to safe and legal abortion. Abortion is not just a healthcare issue; it is a fundamental right that empowers women, ensuring they have control over their futures. For decades, studies have shown that when women have access to safe abortion services, societies as a whole benefit. Countries with liberal abortion laws tend to have lower maternal mortality rates, improved public health outcomes, and greater gender equality. Women who can control their reproductive health are more likely to pursue education and career opportunities, contributing to the economic and social well-being of their communities. When women have the freedom to decide if and when to have children, they can fully participate in society, leading to stronger families, healthier communities, and more robust economies. The ability to access safe and legal abortion also reduces the burden on healthcare systems by preventing complications from unsafe procedures. In contrast, restrictive abortion laws force women into desperate situations, where they might seek dangerous and unregulated services. According to the World Health Organization, unsafe abortions are a leading cause of maternal death worldwide, with millions of women suffering from severe complications every year. The harm caused by these restrictions disproportionately affects marginalized communities, including low-income women and women of color, who often lack access to quality healthcare and family planning resources. Denying these women the right to a safe abortion perpetuates cycles of poverty and inequality, creating barriers that are difficult to overcome. Abortion opponents often argue that life begins at conception and that abortion is equivalent to taking a human life. While these beliefs are deeply held by some, they should not dictate public policy. The reality is that abortion is a deeply personal decision, one that is influenced by a wide range of individual circumstances, including health risks, financial stability, and personal goals. No two pregnancies are the same, and no one is better equipped than the woman herself to make decisions about her own body and her future. Governments should focus on creating policies that support women rather than imposing restrictions that strip them of their agency. When women are denied access to abortion, the consequences can be devastating. Unwanted pregnancies often result in significant financial strain, limiting opportunities for education and employment. Women may be forced to remain in abusive relationships or face social stigma and isolation. In some cases, carrying a pregnancy to term can pose serious health risks, endangering both the mother and the child. These are not theoretical concerns; they are real and affect millions of women around the world every year. Moreover, research has consistently shown that countries with more progressive abortion laws tend to have fewer abortions overall. This is because these countries prioritize comprehensive sex education and access to contraception, empowering individuals to make informed decisions about their reproductive health. By providing the tools and knowledge necessary to prevent unintended pregnancies, these countries create an environment where fewer women need to seek abortion services in the first place. In contrast, restrictive laws often lead to higher abortion rates, as they fail to address the root causes of unintended pregnancies. It is also important to recognize that abortion is a matter of healthcare. Just as individuals have the right to make decisions about other medical procedures, they should have the right to make decisions about abortion without interference from politicians or religious groups. The role of healthcare providers is to offer accurate information, compassionate care, and nonjudgmental support, ensuring that every patient can make the best decision for her unique situation. Abortion is not a one-size-fits-all issue, and it is essential that policies reflect the diverse needs and experiences of women. In addition to being a healthcare issue, abortion is fundamentally about human rights. Access to safe and legal abortion is recognized as a human right by organizations such as the United Nations and the World Health Organization. It is essential to ensure that all individuals, regardless of their socioeconomic status or geographic location, have the ability to exercise this right. When governments restrict access to abortion, they are not only violating human rights but also undermining public health and social progress. The stigma surrounding abortion must also be addressed. For too long, women who seek abortions have been shamed and silenced, forced to carry the weight of societal judgment. This stigma not only affects those who have had abortions but also creates a climate of fear and misinformation, discouraging individuals from seeking the care they need. By normalizing conversations about abortion and highlighting the experiences of women who have made this choice, we can foster a more supportive and understanding society. In conclusion, safe and legal abortion is a cornerstone of women’s rights and healthcare. It empowers women to make choices about their own bodies, protects their health, and promotes equality. The debate around abortion should not be about controlling women’s bodies but about supporting them in making informed decisions that are right for their lives. As societies progress, it is essential to uphold and expand access to safe abortion services, ensuring that every woman has the freedom to choose her own path. The future of reproductive rights depends on our collective commitment to justice, equality, and compassion. Now, more than ever, we must stand together to protect and defend the right to choose, recognizing that when women thrive, we all thrive"
44332211,5,2024-11-05,US,Fox News,http://example20.com,Title for article 20,Abortion is unjust and takes away innocent lives.
